Sample,Raw Reads,On-Target Reads,%On-Target,%GT,IFI,Ots_128302-57
negative_11_CGGATG_TCTCGG_S95_R1_001,538898,0,0.00,0.00,0.00,00,
negative_13_AACTTA_TCTCGG_S287_R1_001,907414,0,0.00,0.00,0.00,00,
OtsAC20SILR_0001_CGGATG_AATGAG_S49_R1_001,463924,38,0.01,100.00,0.00,CC,
OtsAC20SILR_0002_CGGATG_AGTAGG_S50_R1_001,470616,23,0.00,100.00,0.00,TT,
OtsAC20SILR_0003_CGGATG_CCATTT_S51_R1_001,531758,49,0.01,100.00,0.00,TT,
OtsAC20SILR_0004_CGGATG_CTACAG_S52_R1_001,446179,28,0.01,100.00,0.00,CT,
OtsAC20SILR_0005_CGGATG_GCAGAT_S53_R1_001,372685,23,0.01,100.00,0.00,TT,
OtsAC20SILR_0006_CGGATG_GTAAGT_S54_R1_001,344659,30,0.01,100.00,3.45,TT,
OtsAC20SILR_0007_CGGATG_TCAAAG_S55_R1_001,371031,24,0.01,100.00,0.00,CT,
OtsAC20SILR_0008_CGGATG_TTATGA_S56_R1_001,413721,29,0.01,100.00,0.00,TT,
OtsAC20SILR_0009_CGGATG_ACAAGA_S57_R1_001,731633,42,0.01,100.00,0.00,CT,
OtsAC20SILR_0010_CGGATG_AGTTAA_S58_R1_001,429247,25,0.01,100.00,0.00,CT,
OtsAC20SILR_0011_CGGATG_CCCGGT_S59_R1_001,501181,21,0.00,100.00,0.00,CT,
OtsAC20SILR_0012_CGGATG_CTCGCC_S60_R1_001,323795,21,0.01,100.00,0.00,CT,
OtsAC20SILR_0013_CGGATG_GCATGG_S61_R1_001,371049,20,0.01,100.00,0.00,CT,
OtsAC20SILR_0014_CGGATG_GTATCC_S62_R1_001,256110,19,0.01,100.00,0.00,CT,
OtsAC20SILR_0015_CGGATG_TCCTGC_S63_R1_001,470791,12,0.00,100.00,0.00,CC,
OtsAC20SILR_0016_CGGATG_TTCCGT_S64_R1_001,496425,84,0.02,100.00,0.00,CC,
OtsAC20SILR_0017_CGGATG_ACAGCG_S65_R1_001,477400,30,0.01,100.00,0.00,CT,
OtsAC20SILR_0018_CGGATG_ATAGTA_S66_R1_001,663200,24,0.00,100.00,0.00,TT,
OtsAC20SILR_0019_CGGATG_CCCTAA_S67_R1_001,316222,19,0.01,100.00,0.00,CT,
OtsAC20SILR_0020_CGGATG_CTGCGA_S68_R1_001,326462,30,0.01,100.00,0.00,CT,
OtsAC20SILR_0021_CGGATG_GCCGTA_S69_R1_001,255495,14,0.01,100.00,0.00,CT,
OtsAC20SILR_0022_CGGATG_GTCATC_S70_R1_001,501697,32,0.01,100.00,0.00,TT,
OtsAC20SILR_0023_CGGATG_TCGATT_S71_R1_001,811050,35,0.00,100.00,0.00,CC,
OtsAC20SILR_0024_CGGATG_TTCTAG_S72_R1_001,358118,31,0.01,100.00,0.00,CC,
OtsAC20SILR_0025_CGGATG_ACATAC_S73_R1_001,691148,36,0.01,100.00,0.00,CT,
OtsAC20SILR_0026_CGGATG_ATCAAA_S74_R1_001,380855,19,0.00,100.00,0.00,TT,
OtsAC20SILR_0027_CGGATG_CCGAGG_S75_R1_001,442544,35,0.01,100.00,0.00,CT,
OtsAC20SILR_0028_CGGATG_CTGGTT_S76_R1_001,365145,44,0.01,100.00,0.00,CT,
OtsAC20SILR_0029_CGGATG_GCGACC_S77_R1_001,343067,32,0.01,100.00,0.00,TT,
OtsAC20SILR_0030_CGGATG_GTGCCT_S78_R1_001,561155,31,0.01,100.00,0.00,CT,
OtsAC20SILR_0031_CGGATG_TCGCCA_S79_R1_001,631502,41,0.01,100.00,0.00,CC,
OtsAC20SILR_0032_CGGATG_TTGAGC_S80_R1_001,430912,55,0.01,100.00,0.00,CT,
OtsAC20SILR_0033_CGGATG_ACCATG_S81_R1_001,664145,33,0.00,100.00,0.00,CC,
OtsAC20SILR_0034_CGGATG_ATGCAC_S82_R1_001,420845,18,0.00,100.00,0.00,CT,
OtsAC20SILR_0035_CGGATG_CCGCAT_S83_R1_001,587181,25,0.00,100.00,0.00,TT,
OtsAC20SILR_0036_CGGATG_CTTATG_S84_R1_001,499832,9,0.00,0.00,0.00,00,
OtsAC20SILR_0037_CGGATG_GCGCTG_S85_R1_001,235397,13,0.01,100.00,0.00,CT,
OtsAC20SILR_0038_CGGATG_GTGTAA_S86_R1_001,457086,68,0.01,100.00,0.00,TT,
OtsAC20SILR_0039_CGGATG_TCGGAC_S87_R1_001,491718,31,0.01,0.00,10.71,00,
OtsAC20SILR_0040_CGGATG_TTTAAT_S88_R1_001,744141,172,0.02,100.00,0.00,CC,
OtsAC20SILR_0041_CGGATG_ACCCCC_S89_R1_001,662473,32,0.00,100.00,0.00,CC,
OtsAC20SILR_0042_CGGATG_ATGTTG_S90_R1_001,498734,38,0.01,100.00,0.00,CT,
OtsAC20SILR_0043_CGGATG_CCTAAC_S91_R1_001,621477,59,0.01,100.00,0.00,CT,
OtsAC20SILR_0044_AACTTA_AAACGG_S193_R1_001,838626,382,0.05,100.00,0.00,CT,
OtsAC20SILR_0044_CGGATG_CTTTGC_S92_R1_001,388484,39,0.01,100.00,0.00,CT,
OtsAC20SILR_0045_AACTTA_ACTCTT_S194_R1_001,735622,201,0.03,100.00,0.00,TT,
OtsAC20SILR_0046_AACTTA_ATTCCG_S195_R1_001,575125,185,0.03,100.00,0.00,CC,
OtsAC20SILR_0047_AACTTA_CGAGGC_S196_R1_001,839224,221,0.03,100.00,0.00,CT,
OtsAC20SILR_0048_AACTTA_GAAATG_S197_R1_001,1436391,430,0.03,100.00,0.00,CT,
OtsAC20SILR_0049_AACTTA_GGACTT_S198_R1_001,1437588,520,0.04,100.00,0.00,CT,
OtsAC20SILR_0050_AACTTA_TAAGCT_S199_R1_001,994963,347,0.03,100.00,0.00,CT,
OtsAC20SILR_0051_AACTTA_TCTTCT_S200_R1_001,1509916,706,0.05,100.00,0.00,CT,
OtsAC20SILR_0052_AACTTA_AACGTT_S201_R1_001,1149639,288,0.03,100.00,0.00,CT,
OtsAC20SILR_0053_AACTTA_ACTGGC_S202_R1_001,270739,83,0.03,100.00,0.00,TT,
OtsAC20SILR_0054_AACTTA_CAAAAA_S203_R1_001,675627,159,0.02,100.00,0.00,CT,
OtsAC20SILR_0055_AACTTA_CGCAGA_S204_R1_001,912968,124,0.01,100.00,0.00,CT,
OtsAC20SILR_0056_AACTTA_GAACCA_S205_R1_001,785716,139,0.02,100.00,0.00,TT,
OtsAC20SILR_0057_AACTTA_GGCAAG_S206_R1_001,732841,111,0.02,100.00,2.78,TT,
OtsAC20SILR_0058_AACTTA_TAATTC_S207_R1_001,352589,52,0.01,100.00,0.00,CC,
OtsAC20SILR_0059_AACTTA_TGAACC_S208_R1_001,995809,372,0.04,100.00,0.27,CC,
OtsAC20SILR_0060_AACTTA_AACTGA_S209_R1_001,1282658,316,0.02,100.00,0.00,CT,
OtsAC20SILR_0061_AACTTA_AGCCAT_S210_R1_001,408603,69,0.02,100.00,0.00,CT,
OtsAC20SILR_0062_AACTTA_CAATCG_S211_R1_001,433247,75,0.02,100.00,0.00,CC,
OtsAC20SILR_0063_AACTTA_CGCGTG_S212_R1_001,549677,105,0.02,100.00,0.00,TT,
OtsAC20SILR_0064_AACTTA_GACGAC_S213_R1_001,1022581,200,0.02,100.00,0.00,CT,
OtsAC20SILR_0065_AACTTA_GGGCGC_S214_R1_001,440607,5,0.00,0.00,0.00,00,
OtsAC20SILR_0066_AACTTA_TACACA_S215_R1_001,339678,91,0.03,100.00,0.00,CT,
OtsAC20SILR_0067_AACTTA_TGACAA_S216_R1_001,568957,35,0.01,100.00,0.00,CT,
OtsAC20SILR_0068_AACTTA_AAGACG_S217_R1_001,986967,230,0.02,100.00,0.00,CC,
OtsAC20SILR_0069_AACTTA_AGCGCA_S218_R1_001,728860,150,0.02,100.00,0.00,CT,
OtsAC20SILR_0070_AACTTA_CACCTC_S219_R1_001,672101,169,0.03,100.00,0.00,TT,
OtsAC20SILR_0071_AACTTA_CGGTCC_S220_R1_001,707370,159,0.02,100.00,0.00,TT,
OtsAC20SILR_0072_AACTTA_GACTCT_S221_R1_001,475591,64,0.01,100.00,0.00,TT,
OtsAC20SILR_0073_AACTTA_GGGGCG_S222_R1_001,610596,102,0.02,100.00,0.00,CT,
OtsAC20SILR_0074_AACTTA_TACGGG_S223_R1_001,1112625,157,0.01,100.00,0.00,CT,
OtsAC20SILR_0075_AACTTA_TGCCCG_S224_R1_001,484550,137,0.03,100.00,0.00,CC,
OtsAC20SILR_0076_AACTTA_AAGCTA_S225_R1_001,1899768,492,0.03,100.00,0.00,CC,
OtsAC20SILR_0077_AACTTA_AGGGTC_S226_R1_001,402684,54,0.01,100.00,0.00,CC,
OtsAC20SILR_0078_AACTTA_CAGGCA_S227_R1_001,297279,46,0.02,100.00,0.00,CT,
OtsAC20SILR_0079_AACTTA_CGTCTA_S228_R1_001,328164,50,0.02,100.00,0.00,CT,
OtsAC20SILR_0080_AACTTA_GAGAGA_S229_R1_001,465115,55,0.01,100.00,0.00,CC,
OtsAC20SILR_0081_AACTTA_GGTACA_S230_R1_001,521067,121,0.02,100.00,0.83,TT,
OtsAC20SILR_0082_AACTTA_TAGTAT_S231_R1_001,568316,59,0.01,100.00,0.00,TT,
OtsAC20SILR_0083_AACTTA_TGCTTA_S232_R1_001,1066228,343,0.03,100.00,0.00,CT,
OtsAC20SILR_0084_AACTTA_AATATC_S233_R1_001,622132,139,0.02,100.00,0.00,CT,
OtsAC20SILR_0085_AACTTA_AGGTGT_S234_R1_001,634674,113,0.02,100.00,0.89,TT,
OtsAC20SILR_0086_AACTTA_CATACT_S235_R1_001,787283,196,0.02,100.00,0.00,CT,
OtsAC20SILR_0087_AACTTA_CGTGAT_S236_R1_001,499700,132,0.03,100.00,0.00,TT,
OtsAC20SILR_0088_AACTTA_AATCGT_S237_R1_001,582723,50,0.01,100.00,0.00,TT,
OtsAC20SILR_0089_AACTTA_GGTTTG_S238_R1_001,408654,80,0.02,100.00,0.00,CC,
OtsAC20SILR_0090_AACTTA_TATCAC_S239_R1_001,449842,73,0.02,100.00,5.80,CC,
OtsAC20SILR_0091_AACTTA_TGGGGA_S240_R1_001,910789,259,0.03,100.00,0.00,CT,
OtsAC20SILR_0092_AACTTA_AATGAG_S241_R1_001,832457,200,0.02,100.00,0.50,CC,
OtsAC20SILR_0093_AACTTA_AGTAGG_S242_R1_001,137731,35,0.03,100.00,0.00,CC,
OtsAC20SILR_0094_AACTTA_CCATTT_S243_R1_001,314985,49,0.02,100.00,0.00,CC,
OtsAC20SILR_0095_AACTTA_CTACAG_S244_R1_001,240730,41,0.02,100.00,0.00,TT,
OtsAC20SILR_0096_AACTTA_GCAGAT_S245_R1_001,462346,134,0.03,100.00,0.00,CT,
OtsAC20SILR_0097_AACTTA_GTAAGT_S246_R1_001,335262,42,0.01,100.00,0.00,TT,
OtsAC20SILR_0098_AACTTA_TCAAAG_S247_R1_001,420498,50,0.01,100.00,0.00,CT,
OtsAC20SILR_0099_AACTTA_TTATGA_S248_R1_001,756529,188,0.02,100.00,0.00,TT,
OtsAC20SILR_0100_AACTTA_ACAAGA_S249_R1_001,1097973,261,0.02,100.00,0.00,CT,
OtsAC20SILR_0101_AACTTA_AGTTAA_S250_R1_001,1222668,313,0.03,100.00,0.00,TT,
OtsAC20SILR_0102_AACTTA_CCCGGT_S251_R1_001,222987,54,0.02,100.00,0.00,CT,
OtsAC20SILR_0103_AACTTA_CTCGCC_S252_R1_001,521138,69,0.01,100.00,0.00,CT,
OtsAC20SILR_0104_AACTTA_GCATGG_S253_R1_001,396805,49,0.01,100.00,0.00,TT,
OtsAC20SILR_0105_AACTTA_GTATCC_S254_R1_001,368861,42,0.01,100.00,0.00,TT,
OtsAC20SILR_0106_AACTTA_TCCTGC_S255_R1_001,465062,77,0.02,100.00,0.00,CT,
OtsAC20SILR_0107_AACTTA_TTCCGT_S256_R1_001,878648,268,0.03,100.00,0.00,CT,
OtsAC20SILR_0108_AACTTA_ACAGCG_S257_R1_001,671626,151,0.02,100.00,0.00,TT,
OtsAC20SILR_0109_AACTTA_ATAGTA_S258_R1_001,495356,77,0.02,100.00,0.00,TT,
OtsAC20SILR_0110_AACTTA_CCCTAA_S259_R1_001,277945,46,0.02,100.00,0.00,CT,
OtsAC20SILR_0111_AACTTA_CTGCGA_S260_R1_001,381081,69,0.02,100.00,0.00,CT,
OtsAC20SILR_0112_AACTTA_GCCGTA_S261_R1_001,455937,71,0.02,100.00,0.00,CT,
OtsAC20SILR_0113_AACTTA_GTCATC_S262_R1_001,714592,129,0.02,100.00,0.00,CT,
OtsAC20SILR_0114_AACTTA_TCGATT_S263_R1_001,644905,113,0.02,100.00,0.00,CT,
OtsAC20SILR_0115_AACTTA_TTCTAG_S264_R1_001,1019359,262,0.03,100.00,0.00,CT,
OtsAC20SILR_0116_AACTTA_ACATAC_S265_R1_001,474240,129,0.03,100.00,0.00,CT,
OtsAC20SILR_0117_AACTTA_ATCAAA_S266_R1_001,648804,144,0.02,100.00,0.00,TT,
OtsAC20SILR_0118_AACTTA_CCGAGG_S267_R1_001,308713,46,0.01,100.00,0.00,CC,
OtsAC20SILR_0119_AACTTA_CTGGTT_S268_R1_001,554286,111,0.02,100.00,0.00,TT,
OtsAC20SILR_0120_AACTTA_GCGACC_S269_R1_001,494885,77,0.02,100.00,0.00,TT,
OtsAC20SILR_0121_AACTTA_GTGCCT_S270_R1_001,468547,43,0.01,100.00,0.00,TT,
OtsAC20SILR_0122_AACTTA_TCGCCA_S271_R1_001,304154,53,0.02,100.00,3.92,TT,
OtsAC20SILR_0123_AACTTA_TTGAGC_S272_R1_001,706670,211,0.03,100.00,0.00,TT,
OtsAC20SILR_0124_AACTTA_ACCATG_S273_R1_001,73818,26,0.04,100.00,0.00,CC,
OtsAC20SILR_0125_AACTTA_ATGCAC_S274_R1_001,720480,127,0.02,100.00,1.60,TT,
OtsAC20SILR_0126_AACTTA_CCGCAT_S275_R1_001,681575,163,0.02,100.00,0.00,TT,
OtsAC20SILR_0127_AACTTA_CTTATG_S276_R1_001,787910,63,0.01,100.00,0.00,TT,
OtsAC20SILR_0128_AACTTA_GCGCTG_S277_R1_001,336840,46,0.01,100.00,0.00,CT,
OtsAC20SILR_0129_AACTTA_GTGTAA_S278_R1_001,479774,70,0.01,100.00,6.06,CC,
OtsAC20SILR_0130_AACTTA_TCGGAC_S279_R1_001,463131,49,0.01,100.00,2.08,CC,
OtsAC20SILR_0131_AACTTA_TTTAAT_S280_R1_001,608522,163,0.03,100.00,0.00,TT,
OtsAC20SILR_0132_AACTTA_ACCCCC_S281_R1_001,1422007,792,0.06,100.00,0.00,TT,
OtsAC20SILR_0133_AACTTA_ATGTTG_S282_R1_001,465723,138,0.03,100.00,0.00,CT,
OtsAC20SILR_0134_AACTTA_CCTAAC_S283_R1_001,358664,113,0.03,100.00,0.00,CT,
OtsAC20SILR_0135_AACTTA_CTTTGC_S284_R1_001,581565,92,0.02,100.00,2.22,TT,
OtsAC20SILR_0136_AACTTA_GCTCAA_S285_R1_001,759430,225,0.03,100.00,0.00,CT,
OtsAC20SILR_0137_AACTTA_GTTGGA_S286_R1_001,831653,326,0.04,100.00,0.00,TT,
OtsAC20SILR_1001_CGGATG_GCTCAA_S93_R1_001,518999,13,0.00,100.00,0.00,CT,
OtsAC20TRAR_0001_CGGATG_AAACGG_S1_R1_001,721703,138,0.02,100.00,0.00,CT,
OtsAC20TRAR_0002_CGGATG_ACTCTT_S2_R1_001,798041,122,0.02,100.00,0.00,CT,
OtsAC20TRAR_0003_CGGATG_ATTCCG_S3_R1_001,1102870,256,0.02,100.00,0.00,CT,
OtsAC20TRAR_0004_CGGATG_CGAGGC_S4_R1_001,1100087,86,0.01,100.00,0.00,CT,
OtsAC20TRAR_0005_CGGATG_GAAATG_S5_R1_001,921986,33,0.00,100.00,0.00,CT,
OtsAC20TRAR_0006_CGGATG_GGACTT_S6_R1_001,1310156,327,0.02,100.00,0.00,CC,
OtsAC20TRAR_0007_CGGATG_TAAGCT_S7_R1_001,1018824,269,0.03,100.00,0.00,TT,
OtsAC20TRAR_0008_CGGATG_TCTTCT_S8_R1_001,1959002,843,0.04,100.00,0.00,CT,
OtsAC20TRAR_0009_CGGATG_AACGTT_S9_R1_001,1168159,200,0.02,100.00,0.00,TT,
OtsAC20TRAR_0010_CGGATG_ACTGGC_S10_R1_001,679167,23,0.00,100.00,0.00,CT,
OtsAC20TRAR_0011_CGGATG_CAAAAA_S11_R1_001,788200,13,0.00,100.00,0.00,CT,
OtsAC20TRAR_0012_CGGATG_CGCAGA_S12_R1_001,872704,30,0.00,100.00,0.00,TT,
OtsAC20TRAR_0013_CGGATG_GAACCA_S13_R1_001,985139,20,0.00,100.00,0.00,CT,
OtsAC20TRAR_0014_CGGATG_GGCAAG_S14_R1_001,538760,33,0.01,100.00,0.00,CT,
OtsAC20TRAR_0015_CGGATG_TAATTC_S15_R1_001,931723,54,0.01,100.00,0.00,CT,
OtsAC20TRAR_0016_CGGATG_TGAACC_S16_R1_001,861519,311,0.04,100.00,0.00,CT,
OtsAC20TRAR_0017_CGGATG_AACTGA_S17_R1_001,625034,23,0.00,100.00,0.00,CT,
OtsAC20TRAR_0018_CGGATG_AGCCAT_S18_R1_001,601878,25,0.00,100.00,0.00,TT,
OtsAC20TRAR_0019_CGGATG_CAATCG_S19_R1_001,597239,56,0.01,100.00,0.00,CT,
OtsAC20TRAR_0020_CGGATG_CGCGTG_S20_R1_001,438251,20,0.00,100.00,0.00,CT,
OtsAC20TRAR_0021_CGGATG_GACGAC_S21_R1_001,563443,22,0.00,100.00,0.00,TT,
OtsAC20TRAR_0022_CGGATG_GGGCGC_S22_R1_001,670716,26,0.00,100.00,0.00,CT,
OtsAC20TRAR_0023_CGGATG_TACACA_S23_R1_001,577665,36,0.01,100.00,0.00,TT,
OtsAC20TRAR_0024_CGGATG_TGACAA_S24_R1_001,621823,149,0.02,100.00,0.00,CT,
OtsAC20TRAR_0025_CGGATG_AAGACG_S25_R1_001,600414,31,0.01,100.00,0.00,TT,
OtsAC20TRAR_0026_CGGATG_AGCGCA_S26_R1_001,561774,9,0.00,0.00,0.00,00,
OtsAC20TRAR_0027_CGGATG_CACCTC_S27_R1_001,576200,7,0.00,0.00,0.00,00,
OtsAC20TRAR_0028_CGGATG_CGGTCC_S28_R1_001,488298,16,0.00,100.00,0.00,CT,
OtsAC20TRAR_0029_CGGATG_GACTCT_S29_R1_001,455953,31,0.01,100.00,0.00,TT,
OtsAC20TRAR_0030_CGGATG_GGGGCG_S30_R1_001,457595,22,0.00,100.00,0.00,CT,
OtsAC20TRAR_0031_CGGATG_TACGGG_S31_R1_001,693150,20,0.00,100.00,0.00,CT,
OtsAC20TRAR_0032_CGGATG_TGCCCG_S32_R1_001,517945,113,0.02,100.00,0.00,CC,
OtsAC20TRAR_0033_CGGATG_AAGCTA_S33_R1_001,537317,16,0.00,100.00,0.00,CC,
OtsAC20TRAR_0034_CGGATG_AGGGTC_S34_R1_001,523958,12,0.00,100.00,0.00,TT,
OtsAC20TRAR_0035_CGGATG_CAGGCA_S35_R1_001,618942,33,0.01,100.00,0.00,TT,
OtsAC20TRAR_0036_CGGATG_CGTCTA_S36_R1_001,363662,19,0.01,100.00,0.00,CT,
OtsAC20TRAR_0037_CGGATG_GAGAGA_S37_R1_001,567317,17,0.00,100.00,0.00,TT,
OtsAC20TRAR_0038_CGGATG_GGTACA_S38_R1_001,400699,6,0.00,0.00,0.00,00,
OtsAC20TRAR_0039_CGGATG_TAGTAT_S39_R1_001,826478,44,0.01,100.00,0.00,CC,
OtsAC20TRAR_0040_CGGATG_TGCTTA_S40_R1_001,529522,108,0.02,100.00,0.00,CC,
OtsAC20TRAR_0041_CGGATG_AATATC_S41_R1_001,612275,27,0.00,100.00,0.00,CT,
OtsAC20TRAR_0042_CGGATG_AGGTGT_S42_R1_001,536659,13,0.00,100.00,0.00,CT,
OtsAC20TRAR_0043_CGGATG_CATACT_S43_R1_001,425448,31,0.01,100.00,0.00,TT,
OtsAC20TRAR_0044_CGGATG_CGTGAT_S44_R1_001,409963,18,0.00,100.00,0.00,TT,
OtsAC20TRAR_0045_CGGATG_AATCGT_S45_R1_001,722721,32,0.00,100.00,0.00,TT,
OtsAC20TRAR_0046_CGGATG_GGTTTG_S46_R1_001,317809,21,0.01,100.00,0.00,TT,
OtsAC20TRAR_0047_CGGATG_TATCAC_S47_R1_001,545224,14,0.00,100.00,0.00,CT,
OtsAC20TRAR_0048_CGGATG_TGGGGA_S48_R1_001,393492,40,0.01,100.00,0.00,CT,
positive12_CGGATG_TTTGTC_S96_R1_001,823529,177,0.02,100.00,0.00,CT,
positive2_CGGATG_GTTGGA_S94_R1_001,462561,43,0.01,100.00,0.00,TT,
positive9_AACTTA_TTTGTC_S288_R1_001,847997,371,0.04,100.00,0.54,TT,